{"cameraMode":{"drawMode":0,"name":"Shaded","section":"Shading Mode"},"sceneLighting":false,"audioPlay":false,"sceneViewState":{"m_AlwaysRefresh":false,"showFog":true,"showSkybox":false,"showFlares":true,"showImageEffects":true,"showParticleSystems":true,"showVisualEffectGraphs":true,"m_FxEnabled":true},"in2DMode":false,"pivot":{"x":0.4883692264556885,"y":1.1590726375579835,"z":-0.6528326272964478},"rotation":{"x":0.06903517991304398,"y":-0.924268901348114,"z":0.20135340094566346,"w":0.3168919086456299},"size":1.9750497341156006,"orthographic":false}