{"cameraMode":{"drawMode":0,"name":"Shaded","section":"Shading Mode"},"sceneLighting":true,"audioPlay":false,"sceneViewState":{"m_AlwaysRefresh":false,"showFog":true,"showSkybox":true,"showFlares":true,"showImageEffects":true,"showParticleSystems":true,"showVisualEffectGraphs":true,"m_FxEnabled":true},"in2DMode":false,"pivot":{"x":0.8666114807128906,"y":0.38646888732910159,"z":2.0903077125549318},"rotation":{"x":0.16792547702789308,"y":-0.6069388389587402,"z":0.13317666947841645,"w":0.7653045058250427},"size":2.9537343978881838,"orthographic":false}